Collected Date,Channel,Keyword,Upload Date,Video URL,Caption,Views,Likes,Comments
2026-07-03,thietbithongminh8,qrevo 2 pro,2026-07-02,https://www.tiktok.com/@thietbithongminh8/video/7657748959741349141,"Roborock Qrevo 2 pro , lực hút cao ngất , đầy đủ tính năng vừa mới ra mắt chắn chắc sẽ mang tới cho bạn trải nghiệm tốt nhất . Ghé cửa hàng để trải nghiệm ngay #gihosmarthome #RobotQuangNgai #709QuangTrung #RobotHutBuiLauNha #Roborock ",347,3,2
2026-07-03,thuyduonggiadung,qrevo 2 pro,2026-07-02,https://www.tiktok.com/@thuyduonggiadung/video/7657920368811756818,"🏬 Gia dụng Thùy Dương 📞 098 248 93 23 📍 Số 455 Minh Khai 1- Phường Chũ, Bắc Ninh https://maps.app.goo.gl/wsKGGw4Q2i9od31t8  #GiaDungThuyDuong  #Roborock  #robothutbui #Qrevo2Pro ",147,5,0
2026-07-03,thuyduonggiadung,qrevo 2 pro,2026-06-29,https://www.tiktok.com/@thuyduonggiadung/video/7656801729932971282,#giadungthuyduong #Qrevo2Pro #roborock #robothutbui ,166,3,1
2026-07-03,thuyduonggiadung,qrevo 2 pro,2026-06-29,https://www.tiktok.com/@thuyduonggiadung/video/7656717693063597319,Siêu phẩm được chờ đợi nhất #Qrevo2Pro #giadungthuyduong #robothutbui #xuhuong #roborock ,153,9,0
2026-07-03,kimanh_1202,qrevo 2 pro,2026-07-03,https://www.tiktok.com/@kimanh_1202/video/7658206580529368341,🔥5 Lý do nên chọn qrevo 2 pro❤️❤️❤️❤️ #Roborock #Qrevo2Pro #robothutbui,103,2,0
2026-07-03,kimanh_1202,qrevo 2 pro,2026-07-03,https://www.tiktok.com/@kimanh_1202/video/7658198435249605909,🔥Robot có thực sự biết né vật cản khi nhà cửa quá nhiều đồ đạc...#Roborock #Qrevo2Pro #robothutbui #ahastore #xuhuong #trending #viralvideotiktok #trendingsound,90,4,2
2026-07-03,kimanh_1202,qrevo 2 pro,2026-07-03,https://www.tiktok.com/@kimanh_1202/video/7658193094524914965,🔥Có gì hay ở Qrevo 2 Pro sản phẩm mới ra mắt của nhà Roborock#Roborock #Qrevo2Pro #robothutbui #ahastore #xuhuong #trending #viralvideotiktok #trendingsound,90,3,0
2026-07-03,kimanh_1202,qrevo 2 pro,2026-07-03,https://www.tiktok.com/@kimanh_1202/video/7658192717175868693,👉Dưới 15tr cùng xem robot nào đáng giá nhất...#Roborock #Qrevo2Pro #robothutbui #ahastore #xuhuong #trending #viralvideotiktok #trendingsound,91,4,0
2026-07-03,kimanh_1202,qrevo 2 pro,2026-07-02,https://www.tiktok.com/@kimanh_1202/video/7657921658782567701,👉Hình ảnh Qrevo 2 Pro trên mạng và thực tế....🤔#Roborock #Qrevo2Pro #robothutbui #ahastore #xuhuong #trending #viralvideotiktok #trendingsound,118,3,0
2026-07-03,kimanh_1202,qrevo 2 pro,2026-07-02,https://www.tiktok.com/@kimanh_1202/video/7657920797960588564,👉Cách xử lý những vết bẩn ố bẩn lâu ngày trên sàn nhà....#Roborock #Qrevo2Pro #robothutbui #xuhuong #ahastore #trending #viralvideotiktok #trendingsound,104,2,0
2026-07-03,kimanh_1202,qrevo 2 pro,2026-07-02,https://www.tiktok.com/@kimanh_1202/video/7657920544343411989,🔥Giải pháp cho những ngôi nhà nhiều có thảm...#Roborock #robothutbui #xuhuong #Qrevo2Pro #ahastore #trending #viralvideotiktok,136,4,0
2026-07-03,kimanh_1202,qrevo 2 pro,2026-07-02,https://www.tiktok.com/@kimanh_1202/video/7657920109863816469,Qrevo 2 Pro của nhà Roborock có gì mà hot đến thế❓#Roborock #robothutbui #xuhuong #ahastore #trending #viralvideotiktok,110,8,0
2026-07-03,kimanh_1202,qrevo 2 pro,2026-07-02,https://www.tiktok.com/@kimanh_1202/video/7657792649247673608,🥱Sếp bảo sao mình làm vậy. Mà sao giờ đòi vô họp gấp nhỉ....🤔#Roborock #robothutbui #xuhuong #ahastore #Qrevo2Pro #trendingsound #viralvideotiktok,198,25,2
2026-07-03,kimanh_1202,qrevo 2 pro,2026-07-01,https://www.tiktok.com/@kimanh_1202/video/7657550329143102740,"🔥Robot đời cũ hút yếu, hút mãi không sạch....#Roborock #Qrevo2Pro #robothutbui #xuhuong #ahastore",145,3,0
2026-07-03,kimanh_1202,qrevo 2 pro,2026-06-30,https://www.tiktok.com/@kimanh_1202/video/7657187736385785096,🔥Giá tầm trung nhưng công nghệ đỉnh cao.... #Qrevo2Pro #Roborock #robothutbui #xuhuong #ahastore,149,6,2
2026-07-03,kimanh_1202,qrevo 2 pro,2026-06-29,https://www.tiktok.com/@kimanh_1202/video/7656849287812254977,🤣Nay em chạy quảng cáo sản phẩm mới bằng cơm cho các bác xem.....#Roborock #Qrevo2Pro #robothutbui #ahastore #xuhuong,268,21,8
2026-07-03,kimanh_1202,qrevo 2 pro,2026-06-20,https://www.tiktok.com/@kimanh_1202/video/7653347925560495381,🔥SIÊU PHẨM QREVO 2 PRO ĐÃ CHÍNH THỨC CẬP BẾN AHA STORE. ĐẾN ĐỂ TRẢI NGHIỆM VÀ NHẬN TƯ VẤN NGAY…..#robotrock #ahastore #xuhuong #tiktok #qrevo2pro ,177,6,2
2026-07-03,kimanh_1202,qrevo 2 pro,2026-06-13,https://www.tiktok.com/@kimanh_1202/video/7650868810039299349,💎  Roborock Qrevo 2 Pro: Công nghệ vượt tầm giá – Nhà sạch ổn định – Thao tác tối giản. ----------------------------------- 📍AHA STORE - KIẾN TẠO CHO CUỘC SỐNG THẢNH THƠI Roborock###,151,7,5
2026-07-03,tigerbot.smarthome,qrevo 2 pro,2026-07-02,https://www.tiktok.com/@tigerbot.smarthome/video/7657919250383801621,"📍 TigerBot Smart Home  🏠 121F Nguyễn Huệ, Phường Long Châu, Vĩnh Long 📞 Hotline: 0941 861 903 #qrevo2pro #roborock #robothutbui   ",146,11,5
2026-07-03,tigerbot.smarthome,qrevo 2 pro,2026-07-01,https://www.tiktok.com/@tigerbot.smarthome/video/7657423769358585109,"🏡✨ MỘT CHIẾC ROBOT – GẦN NHƯ LO TRỌN VIỆC NHÀ! Nếu bạn đang tìm một trợ thủ có thể thay mình xử lý hầu hết công việc dọn dẹp hằng ngày, Roborock Qrevo 2 Pro chính là lựa chọn đáng cân nhắc. 🤖 Từ bụi mịn, tóc rụng, lông thú cưng đến các góc khuất hay thảm trải sàn, Qrevo 2 Pro đều được trang bị công nghệ để làm sạch hiệu quả. 💥 Lực hút HyperForce® 25.000Pa hút sạch bụi bẩn và rác vụn chỉ trong một lần di chuyển. 🧹 FlexiArm™ tự động mở rộng chổi cạnh và giẻ lau, làm sạch sát mép tường, góc nhà và những vị trí dễ bị bỏ sót. 🌀 Hệ thống chống rối toàn thân đạt chứng nhận SGS giúp giảm tối đa tóc quấn vào chổi, duy trì hiệu suất ổn định. 🏠 Tự động tháo giẻ khi làm sạch thảm, kết hợp dock đa năng tự giặt giẻ, sấy khô, thu gom bụi và tự làm sạch, mang đến trải nghiệm gần như rảnh tay hoàn toàn. ✨ Việc dọn dẹp giờ đây chỉ còn là một thao tác chạm trên điện thoại. Phần còn lại, hãy để Roborock Qrevo 2 Pro chăm sóc. 📍 TigerBot Smart Home 🏠 121F Nguyễn Huệ, Phường Long Châu, Vĩnh Long 📞 Hotline: 0941 861 903 👉 Inbox ngay để được tư vấn và nhận ưu đãi hấp dẫn! #Roborock #RoborockVietnam #Qrevo2Pro #TigerBotSmartHome #VINHLONG      ",128,2,0
2026-07-03,tigerbot.smarthome,qrevo 2 pro,2026-06-30,https://www.tiktok.com/@tigerbot.smarthome/video/7657058553684839701,"🏡✨ MỘT CHIẾC ROBOT – GẦN NHƯ LO TRỌN VIỆC NHÀ! Nếu bạn đang tìm một trợ thủ có thể thay mình xử lý hầu hết công việc dọn dẹp hằng ngày, Roborock Qrevo 2 Pro chính là lựa chọn đáng cân nhắc. 🤖 Từ bụi mịn, tóc rụng, lông thú cưng đến các góc khuất hay thảm trải sàn, Qrevo 2 Pro đều được trang bị công nghệ để làm sạch hiệu quả. 💥 Lực hút HyperForce® 25.000Pa hút sạch bụi bẩn và rác vụn chỉ trong một lần di chuyển. 🧹 FlexiArm™ tự động mở rộng chổi cạnh và giẻ lau, làm sạch sát mép tường, góc nhà và những vị trí dễ bị bỏ sót. 🌀 Hệ thống chống rối toàn thân đạt chứng nhận SGS giúp giảm tối đa tóc quấn vào chổi, duy trì hiệu suất ổn định. 🏠 Tự động tháo giẻ khi làm sạch thảm, kết hợp dock đa năng tự giặt giẻ, sấy khô, thu gom bụi và tự làm sạch, mang đến trải nghiệm gần như rảnh tay hoàn toàn. ✨ Việc dọn dẹp giờ đây chỉ còn là một thao tác chạm trên điện thoại. Phần còn lại, hãy để Roborock Qrevo 2 Pro chăm sóc. 📍 TigerBot Smart Home 🏠 121F Nguyễn Huệ, Phường Long Châu, Vĩnh Long 📞 Hotline: 0941 861 903 👉 Inbox ngay để được tư vấn và nhận ưu đãi hấp dẫn! #Roborock #RoborockVietnam #Qrevo2Pro #TigerBotSmartHome #VINHLONG      ",101,3,0
2026-07-03,minhchautestthat,qrevo 2 pro,2026-07-03,https://www.tiktok.com/@minhchautestthat/video/7658153034643426581,Test 010: Robot có xử lý được vết bẩn bám từ giày dép sau mưa không? Test này có tâm rồi chứ ae 🤭🤭 ae cần test thêm gì cmt xuống nhé  #minhchautestthat #roborock #roborockqrevo2pro #maylaunha ,143,1,1
2026-07-03,minhchautestthat,qrevo 2 pro,2026-07-02,https://www.tiktok.com/@minhchautestthat/video/7657792008018218260,"Mấy dòng này oke phết. Combo Vỏ trấu, vỏ hướng dương và tóc- Xử lý cái vèo🤭 Robot hút bụi lau nhà Roborock Qrevo 2 Pro nhé ae #minhchautestthat #roborock #qrevo2pro #minhchausmarthome #roborockqrevo2pro ",455,6,4
2026-07-03,minhchautestthat,qrevo 2 pro,2026-07-01,https://www.tiktok.com/@minhchautestthat/video/7657385151206395156,"Robot hút bụi lau nhà Roborock Qrevo 2 Pro có hút được lông chó mèo không? Mời ace kiểm chứng nhé, ace cần test gì comment xuống dưới nhé #minhchautestthat #robothutbuilaunha #roborockqrevo2pro #roborock #qrevo2pro ",245,3,0
2026-07-03,minhchautestthat,qrevo 2 pro,2026-06-28,https://www.tiktok.com/@minhchautestthat/video/7656259073104497941,"Robot hút bụi lau nhà có hút sạch tóc không, có bị mắc tóc vào chổi cuốn không?  cùng mình test thực tế nhé 😜 #minhchautestthat #robothuttoc #qrevo2pro #dondep #robothutbuibacgiang ",160,5,0
2026-07-03,minhchautestthat,qrevo 2 pro,2026-06-26,https://www.tiktok.com/@minhchautestthat/video/7655681558342389012,Bài test vui giữa 2 em Robot hút bụi lau nhà phân khúc 12-13tr của 2 thương hiệu bán chạy nhất Việt Nam  ae cần test với sp nào cmt xuống dưới nhé  #minhchautestthat #roborock #qrevo2pro #ecovacs #t30c ,177,8,2
2026-07-03,minhchautestthat,qrevo 2 pro,2026-06-26,https://www.tiktok.com/@minhchautestthat/video/7655514160461024532,Test #001 Robot hút bụi lau nhà Roborock Qrevo 2 pro vs vỏ hướng dương!  #minhchautestthat #vohuongduong #robothutbuibacgiang ,208,3,0
2026-07-03,minhchautestthat,qrevo 2 pro,2026-06-25,https://www.tiktok.com/@minhchautestthat/video/7655222664721730836,Hướng dẫn cài app Robot hút bụi lau nhà Roborock Qrevo 2 pro  #minhchau #huongdan #caiapp  #roborock #qrevo2pro ,269,6,0
2026-07-03,minhchautestthat,qrevo 2 pro,2026-06-24,https://www.tiktok.com/@minhchautestthat/video/7654819261697150229,"- Lực hút khủng: 25000pa - Pin: 5200mAh làm việc 200m2 - Robot: chổi chống mắc tóc, nâng khăn, xoè khăn - Trạm sạc: tự thu bụi, giặt nóng, sấy nóng, vệ sinh trạm được cải tiến,. - Robot nói tiếng Việt, app tiếng Việt dễ dùng - Bảo hành chính hãng 2 năm, free ship 2 chiều trong trường hợp cần bảo hành - Mức giá: tầm 13tr anh em thấy sao về em nó. #roborock #qrevo2pro #minhchau #robothutbuibacgiang",178,2,0
2026-07-03,minhchautestthat,qrevo 2 pro,2026-06-24,https://www.tiktok.com/@minhchautestthat/video/7654784589864504597,🔥 ĐẬP HỘP ROBOROCK QREVO 2 PRO Robot hút bụi lau nhà được đánh giá sẽ là một trong những sản phẩm chiến lược của Roborock thời gian tới. #Roborock #Qrevo2Pro #MinhChauSmarthome #RobotHutBui #RobotLauNha ,383,6,2
2026-07-03,.hng0863,qrevo 2 pro,2026-07-02,https://www.tiktok.com/@.hng0863/video/7657911966656204053,"Tự để lại giẻ tại dock trước khi làm thảm, giữ thảm khô sạch và hạn chế bẩn chéo ✨ Khay giặt tự làm sạch thế hệ 2, giúp dock sạch lâu hơn theo thời gian và giảm công vệ sinh định kỳ ✨ Dock đa năng tự giặt và sấy sau mỗi chu trình, để robot luôn sẵn sàng cho lần chạy tiếp theo #Roborock #Qrevo2Pro #Robothutbui #thietbithongminh ",128,1,0
2026-07-03,.hng0863,qrevo 2 pro,2026-07-01,https://www.tiktok.com/@.hng0863/video/7657574092937137429,"😮‍💨 Bạn yên tâm, đã có dock của Qrevo 2 Pro với thiết kế bo tròn tinh tế, vì không phải mọi công nghệ đều nằm ở bên trong. Đôi khi, một chi tiết nhỏ như dock bo tròn cũng đủ để mỗi lần đi ngang bớt đi một cú va chạm. Bởi trải nghiệm tốt không chỉ đến từ việc robot dọn sạch, mà còn từ cách mọi chi tiết được thiết kế để sống cùng ngôi nhà của bạn. Luôn nghĩ cho bạn, luôn là Qrevo 2 Pro 💛  #Roborock   #Qrevo2Pro #robothutbui  #thietbithongminh ",111,0,0
2026-07-03,.hng0863,qrevo 2 pro,2026-06-30,https://www.tiktok.com/@.hng0863/video/7657177436286782741,"✨ QREVO 2 PRO – CHỌN CÔNG NGHỆ VƯỢT TẦM GIÁ, VIỆC CHĂM NHÀ ĐƯỢC GIAO PHÓ THEO CÁCH THẬT DỄ CHỊU 🤍 Robot hút bụi lau nhà Roborock Qrevo 2 Pro xuất hiện như một lựa chọn dành cho những tổ ấm muốn giữ nhịp sạch sẽ mỗi ngày, nơi những chu trình lặp đi lặp lại được thay thế bằng một guồng vận hành tự động gọn gàng. 🏡 Roborock tập trung vào những tính năng cốt lõi, chắt lọc công nghệ để phục vụ đúng nhu cầu thường nhật, đồng thời mang nhiều trải nghiệm vốn thường gắn với phân khúc cao hơn đến gần hơn với mức giá dễ tiếp cận: ✨ Lực hút HyperForce® 25.000Pa mạnh mẽ, xử lý gọn từ bụi mịn, rác vụn đến tóc rụng và lông thú ✨ Hệ thống chống rối toàn thân có chứng nhận, duy trì hiệu suất ổn định và giảm tối đa thao tác gỡ rối thủ công ✨ FlexiArm™ vươn sát mép, chăm kỹ đường viền và góc cạnh để mặt sàn sạch “đều tay” hơn ✨ Chổi cạnh đảo chiều tối ưu khả năng quét góc, tăng hiệu quả gom bụi sát tường và khe cạnh ✨ Tự để lại giẻ tại dock trước khi làm thảm, giữ thảm khô sạch và hạn chế bẩn chéo ✨ Khay giặt tự làm sạch thế hệ 2, giúp dock sạch lâu hơn theo thời gian và giảm công vệ sinh định kỳ ✨ Dock đa năng tự giặt và sấy sau mỗi chu trình, để robot luôn sẵn sàng cho lần chạy tiếp theo Nhà sạch ổn định, thao tác tối giản và bạn có thêm thời gian cho những điều thật sự quan trọng. #Roborock   #Qrevo2Pro #Robothutbui  #thietbithongminh ",103,1,0
2026-07-03,.hng0863,qrevo 2 pro,2026-06-28,https://www.tiktok.com/@.hng0863/video/7656446443787521301,"🏡✨ Ngoài việc tránh tiếp xúc trực tiếp với nước, robot hút bụi lau nhà Roborock Qrevo 2 Pro tự tin cân trọn hầu hết nhu cầu dọn dẹp trong nhà đấy! 🤖 Thế nên, bụi mịn, tóc rụng, lông thú, khe góc hay thảm trải sàn, cứ giao ""em"" xử lý. Chủ nhân ơi, hôm nay có nhiệm vụ đặc biệt nào dành cho Qrevo 2 Pro không? #Roborock #RoborockVietnam #OtechVietnam #Qrevo2Pro",216,3,0
2026-07-03,roborockthanhhoa,qrevo 2 pro,2026-07-02,https://www.tiktok.com/@roborockthanhhoa/video/7657867843886681365,Tập tành bắt trend thôi hihi #2pro #qrevo2pro #robothutbui #thanhhoa #roborockthanhhoa #viralvideotiktok #roborockvietnam #xuhuong #xuhuongtiktok #hutbui #hdpe #otechvietnam #haihuoc #congnghe #robot,5,2,0
2026-07-03,roborockthanhhoa,qrevo 2 pro,2026-07-01,https://www.tiktok.com/@roborockthanhhoa/video/7657400989816851732,Sếp bảo ra quay cho anh để chạy quảng cáo em nhé #roborockthanhhoa#viralvideotiktok #roborockvietnam #xuhuong #xuhuongtiktok #hutbui #hdpe #otechvietnam #haihuoc #congnghe #robot #thanhhoa #qrevo2pro #2pro,18,4,0
2026-07-03,thietbibepan,qrevo 2 pro,2026-06-24,https://www.tiktok.com/@thietbibepan/video/7654777555882347783,Roborock Qrevo 2 Pro mạnh mẽ hàng đầu phân khúc,177,5,0
2026-07-03,tn.robot76,qrevo 2 pro,2026-07-03,https://www.tiktok.com/@tn.robot76/video/7658134325891747090,Qrevo 2 Pro có gì hay nào? #Qrevovo2pro #roborock #robothutbui #robotbinhduong ,128,5,0
2026-07-03,mi360vn,qrevo 2 pro,2026-06-27,https://www.tiktok.com/@mi360vn/video/7655925378162117909,Đập hộp robot hút bụi Roborock Qrevo 2 Pro #roborock #congnghe ,241,3,0
2026-07-03,caothienphat.official,qrevo 2 pro,2026-06-08,https://www.tiktok.com/@caothienphat.official/video/7649013336180280584,ROBOROCK QREVO 2 PRO - Lực hút 25.000 Pa - Mới ra mắt cực hot 🔥 #CTP #caothienphat #xh #robothutbui #roborock ,358,7,2
2026-07-03,homecaredigital,qrevo 2 pro,2026-07-03,https://www.tiktok.com/@homecaredigital/video/7658203518636920081,"📷Bàn giao siêu phẩm mới cập bến Roborock Qrevo 2 Pro📷 Qrevo 2 Pro vừa được 𝐇𝐨𝐦𝐞𝐜𝐚𝐫𝐞 𝐃𝐢𝐠𝐢𝐭𝐚𝐥 bàn giao đến tay khách hàng đã lập tức chứng minh vị thế của một ""chiến thần"" dọn dẹp thực thụ.  Em này tự tin xóa nhòa ranh giới giữa phân khúc tầm trung và cao cấp khi sở hữu trọn vẹn những công nghệ làm sạch đỉnh cao nhất hiện nay. Mỗi góc nhỏ trong ngôi nhà bạn từ nay sẽ luôn bóng bẩy, mang lại trải nghiệm sống thảnh thơi trọn vẹn mà không cần tốn chút sức lực nào. 📷Ghé 𝐇𝐨𝐦𝐞𝐜𝐚𝐫𝐞 𝐃𝐢𝐠𝐢𝐭𝐚𝐥 để được tư vấn chi tiết và sở hữu chiếc robot hút bụi chân ái cho ngôi nhà của bạn! #Qrevo2Pro #Roborock #robothutbui #HomecareDigital #RoborockDaNang",3,0,0
2026-07-03,homecaredigital,qrevo 2 pro,2026-07-03,https://www.tiktok.com/@homecaredigital/video/7658200254692461825,HOMECARE DIGITAL - ROBOROCK QREVO 2 PRO Dưới 15🥔 thì đây là 1 lựa chọn hoàn toàn xứng đáng với số tiền quý khách hàng đầu tư cho ngồi nhà của mình Ghé ngay Homecare Digital để nhận tư vấn #Qrevo2Pro #Roborock #robothutbui #HomecareDigital #robothutbuilaunha,3,0,0
2026-07-03,longrobot_284,qrevo 2 pro,2026-07-03,https://www.tiktok.com/@longrobot_284/video/7658113771684121876,"Hot hơn cả thời tiết tháng 6 🔥 Roborock Qrevo 2 Pro đã chính thức mở bán và có sẵn tại Danke rồi đây! Cùng Long khám phá xem Robot phiên bản mới này có gì nâng cấp, có gì đáng tiền và vì sao lại đáng để lên đời nha 😙 #robothutbuilaunha #roborock #qrevo2pro #roborockqrevo2pro #robothutbui",111,2,0
2026-07-03,longrobot_284,qrevo 2 pro,2026-07-02,https://www.tiktok.com/@longrobot_284/video/7657747768101948693,Roborock Qrevo 2 Pro đã có mặt tại Đà Nẵng. Mọi người xem khả năng hút tóc và đảo chiều chổi của bạn ấy mượt thế nào nha! 😍 #robothutbui #roborock #qrevo2pro #reviewrobot #roborocktaidanang ,221,4,1
2026-07-03,roborock.krng.n,qrevo 2 pro,2026-07-03,https://www.tiktok.com/@roborock.krng.n/video/7658252093131738388,Loading 80% Roborock Krông Nô #roborock  #roborockvietnam  #krôngnô  #qrevo2pro ,10,1,0
2026-07-03,roborock.krng.n,qrevo 2 pro,2026-07-03,https://www.tiktok.com/@roborock.krng.n/video/7658137805968690452,Roborock Qrevo 2 Pro - Đặt hàng ngay để nhận bộ quà tặng 14 món phụ kiện robot Trải nghiệm sản phẩm trực tiếp tại showroom - trung tâm bảo hành Roborok Krông Nô - 30 Nguyễn Tất Thành - Krông Nô - Lâm Đồng hoặc liên hệ 0985.37.47.48 để tư vấn trực tiếp #qrevo2pro  #roborockvietnam  #roborock  #robothutbuilaunha ,139,6,2
2026-07-03,roborock.krng.n,qrevo 2 pro,2026-07-02,https://www.tiktok.com/@roborock.krng.n/video/7657911566200884501,"Đơn nhẹ mùng 2, 2 tầng, 2 em 2 Pro #qrevo2pro  #roborock  #roborockvietnam ",122,4,2
2026-07-03,mivietnam_chuyengiarobot,qrevo 2 pro,2026-06-30,https://www.tiktok.com/@mivietnam_chuyengiarobot/video/7657127217037659412,Robot Jutsu nhưng là Roborock Qrevo 2 Pro #transition #mivietnam #Robothutbui #Roborock #Qrevo2Pro,545,18,2
2026-07-03,mivietnam_chuyengiarobot,qrevo 2 pro,2026-06-26,https://www.tiktok.com/@mivietnam_chuyengiarobot/video/7655642248226360596,"Roborock Qrevo 2 Pro — giao tận nơi, lắp tận nhà, hướng dẫn dùng kỹ bởi #MiVietnam #chuyengiarobothutbui #robothutbui #roborock #Qrevo2Pro",1016,13,0
2026-07-03,mivietnam_chuyengiarobot,qrevo 2 pro,2026-06-23,https://www.tiktok.com/@mivietnam_chuyengiarobot/video/7654537293247663381,Giặt và Sấy khí nóng - Roborock Qrevo 2 Pro #mivietnam #chuyengiarobothutbui #Roborock #Qrevo2Pro #Qrevo2,247,6,0
2026-07-03,mivietnam_chuyengiarobot,qrevo 2 pro,2026-06-18,https://www.tiktok.com/@mivietnam_chuyengiarobot/video/7652678926065470741,Có cải tiến mới Roborock Qrevo 2 Pro #mivietnam #roborock #qrevo2pro #robothutbui ,485,6,0
2026-07-03,mivietnam_chuyengiarobot,qrevo 2 pro,2026-06-17,https://www.tiktok.com/@mivietnam_chuyengiarobot/video/7652320691718458645,"Có thể là đại náo hang ổ ""yêu tinh bụi bẩn"" đang ẩn nấp luôn #mivietnam #roborock #qrevo2pro #robothutbui Roborock Qrevo 2 Pro",700,10,0
2026-07-03,mivietnam_chuyengiarobot,qrevo 2 pro,2026-06-16,https://www.tiktok.com/@mivietnam_chuyengiarobot/video/7651946126672891157,Lao Công 4.0 khắc nghiệt lắm - Công Nghệ Tự Bảo Vệ của Roborock Qrevo 2 Pro #mivietnam #RobotHutBui #Roborock #qrevo2pro ,607,12,0
2026-07-03,mivietnam_chuyengiarobot,qrevo 2 pro,2026-06-15,https://www.tiktok.com/@mivietnam_chuyengiarobot/video/7651569549661244692,Vì Sao nói Thiết Kế Roborock Qrevo 2 Pro là 1 thiết kế thân thiện với trẻ em #mivietnam #Robothutbui #Roborock #Qrevo2Pro #Qrevo,590,10,0
2026-07-03,mivietnam_chuyengiarobot,qrevo 2 pro,2026-06-13,https://www.tiktok.com/@mivietnam_chuyengiarobot/video/7650832972261625109,😱HIỂU LẦM PHỔ BIẾN nhất là lông và bụi trong nhà rồi sẽ hết! HIỆN TƯỢNG resuspension từ các kết quả nghiên cứu nói điều ngược lại. Chúng vẫn có thể trong nhà bạn suốt nhiều năm và gây ra dị ứng. #mivietnam #Robothutbui #Roborock #Qrevo2Pro #Qrevo,463,6,0
2026-07-03,mivietnam_chuyengiarobot,qrevo 2 pro,2026-06-12,https://www.tiktok.com/@mivietnam_chuyengiarobot/video/7650455428572269845,G.i.á mở bán ở cuối video - Unboxing Roborock Qrevo 2 Pro #mivietnam #roborock #Qrevo2Pro #Qrevo2 #robothutbui,1300,24,1
2026-07-03,thurobot88,qrevo 2 pro,2026-07-03,https://www.tiktok.com/@thurobot88/video/7658207738299911444,#Qrevo2Pro #Roborock #robothutbui,12,1,0
2026-07-03,thurobot88,qrevo 2 pro,2026-07-03,https://www.tiktok.com/@thurobot88/video/7658195665855581461,#Qrevo2Pro #Roborock #robothutbui,62,1,0
2026-07-03,thurobot88,qrevo 2 pro,2026-07-03,https://www.tiktok.com/@thurobot88/video/7658189099890691348,Quan điểm của mình -  bệ giặt thì cứ phải tháo rời ra như nảy thỉ mới tiện lợi - sạch sẽ - tránh tình trạng đọng bùn đất gây mùi hôi.  Và quan trọng không phải cúi mỏi lưng khi cần chà rửa. 🤭 #Qrevo2Pro #Roborock #robothutbui,72,1,0
2026-07-03,thurobot88,qrevo 2 pro,2026-07-03,https://www.tiktok.com/@thurobot88/video/7658154742178172180,#Qrevo2Pro #Roborock #robothutbui,96,2,0
2026-07-03,thurobot88,qrevo 2 pro,2026-07-03,https://www.tiktok.com/@thurobot88/video/7658154234961022229,#Qrevo2Pro #Roborock #robothutbui Hàng sẵn giao ngay lại ____________ ROBOROCK STORE BUÔN MA THUỘT 🏠 Số 29 Trần Phú - Phường Buôn Ma Thuột - Tỉnh Đăk Lăk. ☎️ 0964.642.842 - 097.664.9388,110,2,0
2026-07-03,thurobot88,qrevo 2 pro,2026-07-03,https://www.tiktok.com/@thurobot88/video/7658151203901017365,Khay giặt giẻ của Qrevo2 Pro có gì mới? #Qrevo2Pro #Roborock #robothutbui,119,4,0
2026-07-03,thurobot88,qrevo 2 pro,2026-07-03,https://www.tiktok.com/@thurobot88/video/7658140246072151317,Thiết kế mới nhất đến từ Roborock - Một sản phẩm tầm trung nhưng thiết kế sang trọng - tinh tế. #Qrevo2Pro #Roborock #robothutbui,95,3,0
2026-07-03,hiephong.techhome,qrevo 2 pro,2026-07-03,https://www.tiktok.com/@hiephong.techhome/video/7658197367258107157,Siêu phẩm hothit Roborook Qrevo 2pro. #qrevo2pro #roborockvietnam #hiẹphongtechhome,131,5,0
2026-07-03,quyrobot,qrevo 2 pro,2026-07-03,https://www.tiktok.com/@quyrobot/video/7658156896423005448,Chạy quảng cáo mới ra đơn Qrevo 2 pro 2026 #quyrobot #Roborock #qrevo2pro #robothutbui ,152,23,22
2026-07-03,quyrobot,qrevo 2 pro,2026-06-27,https://www.tiktok.com/@quyrobot/video/7656129494654242055,Test thực tế mẫu qrevo 2 pro mới rămys cho ace thẩm nhaz #quyrobot #robotvinhphuc #roborock #qrevo2pro ,250,2,0
2026-07-03,quyrobot,qrevo 2 pro,2026-06-19,https://www.tiktok.com/@quyrobot/video/7653049987999288584,Về thêm mã mới qrevo 2 pro 2026 #quyrobot #robotvinhphuc #xuhuong #qrevo2pro #roborock ,227,1,0
2026-07-03,phanthulan715,qrevo 2 pro,2026-07-03,https://www.tiktok.com/@phanthulan715/video/7658161844275727637,Siêu phẩm tầm trung lực hút cực khủng mang tên Qrevo 2 Pro  #Qrevo2Pro #roborock #robothutbui #smarthomephutho #NhaThongMinh ,87,2,0
2026-07-03,phanthulan715,qrevo 2 pro,2026-07-03,https://www.tiktok.com/@phanthulan715/video/7658148191795219733,Chiến thần tầm trung mang tên Qrevo 2 pro #Qrevo2Pro #roborock #robothutbui #NhaThongMinh #smarthomephutho ,86,6,0
2026-07-03,phanthulan715,qrevo 2 pro,2026-06-25,https://www.tiktok.com/@phanthulan715/video/7655153343039327509,Ship roborock qrevo 2 pro cho khách yêu,435,6,0
2026-07-03,nc.nh.qu.robot,qrevo 2 pro,2026-07-03,https://www.tiktok.com/@nc.nh.qu.robot/video/7658156925552430357,"Nhiều bác bảo chạy quảng cáo mới ra đơn, nay em chạy rồi các bác mua hàng cho em đi ạ #Qrevo2pro #roborock #robothutbui #xuhuongtiktok #quyrobot ",152,38,48
2026-07-03,.hng0863,qrevo 2 pro,2026-07-03,https://www.tiktok.com/@.hng0863/video/7658265731871640853,"QREVO 2 PRO – CHỌN CÔNG NGHỆ VƯỢT TẦM GIÁ, VIỆC CHĂM NHÀ ĐƯỢC GIAO PHÓ THEO CÁCH THẬT DỄ CHỊU #Roborock #Qrevo2Pro #Robothutbui #thietbithongminh ",2,0,0
2026-07-03,3t.smart.robot.tn,qrevo 2 pro,2026-07-03,https://www.tiktok.com/@3t.smart.robot.tn/video/7658269192784841992,Đón chờ siêu phẩm mới đến từ nhà Roborock #robothutbui #qrevo2pro #robothutbuithainguyen  #3tsmart ,0,0,0
2026-07-03,giangchismarthome,qrevo 2 pro,2026-06-16,https://www.tiktok.com/@giangchismarthome/video/7652017265977609492,Vuột mất đơn hàng 30tr vì..... #robothutbui  #smarthome  #giangchismarthome  #roborockqrevo2pro ,174,3,0
2026-07-03,giangchismarthome,qrevo 2 pro,2026-06-13,https://www.tiktok.com/@giangchismarthome/video/7650891577631673621,#robothutbui  #roborock  #qrevo2pro #giangchismarthome #smarthome ,179,4,2
2026-07-04,tigerbot.smarthome,qrevo 2 pro,2026-07-03,https://www.tiktok.com/@tigerbot.smarthome/video/7658305792403066133,"TigerBot Smart Home 121F Nguyễn Huệ,  phường Long Châu, Vĩnh Long #robothutbui #roborock #qrevo2pro #Vinhlong#Dongthap",113,3,1
2026-07-04,minhchautestthat,qrevo 2 pro,2026-07-04,https://www.tiktok.com/@minhchautestthat/video/7658491250005265685,Test 012: Khả năng tránh vật cản của Ecovacs T30C vs Roborock Qrevo 2 Pro  2 mã phân khúc 12-13tr ace cần test gì comment xuống dưới nhé  #minhchautestthat #ecovacs #T30C #Roborock #Qrevo2pro,28,1,0
2026-07-04,3t.smart.robot.tn,qrevo 2 pro,2026-07-03,https://www.tiktok.com/@3t.smart.robot.tn/video/7658295947495017736,"⚡ Không chỉ mạnh mẽ, Qrevo 2 Pro còn được tạo ra để chăm sóc ngôi nhà của bạn một cách toàn diện hơn. ✨ Lực hút HyperForce® 25.000Pa mạnh mẽ ✨ Chổi cạnh đảo chiều thế hệ mới quét sâu vào góc hơn ✨ FlexiArm™ vươn sát mép tường, giảm tối đa khu vực bỏ sót ✨ Hệ thống chống rối toàn thân đạt chứng nhận SGS ✨ Tự động tháo giẻ trước khi làm sạch thảm ✨ Dock đa năng tự giặt, tự sấy, tự làm sạch #Qrevo2Pro 👉 Inbox ngay để được tư vấn chi tiết & giữ giá tốt ạ ✨ _______________________________ Hotline: 0365319688 Địa chỉ: 272-Phan Đình Phùng, tỉnh Thái Nguyên #3Tsmartthainguyen #Roborock #Robothutbui",208,1,0
2026-07-04,tn.robot76,qrevo 2 pro,2026-07-03,https://www.tiktok.com/@tn.robot76/video/7658295776187141384,"🌸🎉𝐂𝐡𝐚̀𝐨 𝐓𝐡𝐚́𝐧𝐠 𝟕, 𝐜𝐡𝐚̀𝐨 𝐦𝐨𝐝𝐞𝐥 𝐦𝐨̛́𝐢 𝐧𝐡𝐚̂́𝐭 𝐭𝐢𝐧𝐡 𝐜𝐮̉𝐚 𝐑𝐨𝐛𝐨𝐫𝐨𝐜𝐤 𝐠𝐨̣𝐢 𝐭𝐞̂𝐧 𝐐 𝐑𝐞𝐯𝐨 𝟐 𝐏𝐫𝐨. 💰Giá ưu đãi sản phẩm mới ra mắt từ 17,990,000 chỉ còn 13,490,000 đồng. Sẳn hàng giao ngay 🎁Và đếm quà mỏi tay khi mua ẻm nhé🎁 IB: biết quà👇🏽 📞Zalo.me/0943738613  Bảo Anh Robot Bình Dương 🏦Địa chỉ 1 Showroom: 690 đại lộ Bình Dương, P. phú Lợi, TPHCM (ĐC cũ: 690 đại lộ Bình Dương  P.Hiệp Thành, TP.TDM Tỉnh Bình Dương) #QRevo2Pro #nhachaymoingay #Robotbinhduon#Robotbinhduongtbinhduong #hottren",101,1,0
2026-07-04,phanthulan715,qrevo 2 pro,2026-07-04,https://www.tiktok.com/@phanthulan715/video/7658513589283687701,Các lí do nên chọn roborock qrevo 2 pro bạn đã biết chưa? #Qrevo2Pro #roborock #robothutbui #smarthomephutho ,1,0,0
2026-07-04,thurobot88,qrevo 2 pro,2026-07-04,https://www.tiktok.com/@thurobot88/video/7658620169039662356,Lên kệ  #Qrevo2Pro #Roborock #robothutbui,7,1,0
2026-07-04,phanthulan715,qrevo 2 pro,2026-07-04,https://www.tiktok.com/@phanthulan715/video/7658597084202929429,Các lý do mà qrevo 2 pro luôn được chọn làm robot hút bụi lau nhà #qrevo2pro #roborock #robothutbui ,25,2,0
2026-07-04,nc.nh.qu.robot,qrevo 2 pro,2026-07-04,https://www.tiktok.com/@nc.nh.qu.robot/video/7658527650561953044,#CapCut mời quý vị #Qrevo2pro #robothutbui #nghiennha #quyrobot ,88,1,1
2026-07-04,nc.nh.qu.robot,qrevo 2 pro,2026-07-04,https://www.tiktok.com/@nc.nh.qu.robot/video/7658525176748920085,"Siêu sạh cỡ này, không mua em nó hơi phí ạ. #Qrevo2pro #roborock #robothutbui #nghiennha #quyrobot ",94,2,1
2026-07-04,nc.nh.qu.robot,qrevo 2 pro,2026-07-04,https://www.tiktok.com/@nc.nh.qu.robot/video/7658522932011994388,Mời quý vị đập hộp mã mới nhất với giá thành cực kì hợp lý nhà #roborock #Qrevo2pro #robothutbui #nghiennha #quyrobot ,98,2,0
2026-07-05,minhchautestthat,qrevo 2 pro,2026-07-04,https://www.tiktok.com/@minhchautestthat/video/7658646371309800725,Test 012: Robot hút bụi lau nhà có hút được tóc không ? Trên đây là mình test với Roborock 2 pro - bản có đổ rác tự động và chổi cuốn chống mắc tóc nhé anh em. #minhchautestthat #roborock #qrevo2pro #robothutbuibacgiang #minhchausmarthome ,420,7,0
2026-07-05,.hng0863,qrevo 2 pro,2026-07-04,https://www.tiktok.com/@.hng0863/video/7658677422375701781,"Roborock Qrevo 2 Pro xuất hiện như một lựa chọn dành cho những tổ ấm muốn giữ nhịp sạch sẽ mỗi ngày, nơi những chu trình lặp đi lặp lại được thay thế bằng một guồng vận hành tự động gọn gàng. #Roborock  #Qrevo2Pro  #Robothutbui  #thietbithongminh ",118,1,1
2026-07-05,roborockthanhhoa,qrevo 2 pro,2026-07-05,https://www.tiktok.com/@roborockthanhhoa/video/7658844696172596501,Sao cái gì anh này cũng biết hết ấy nhỉ #2pro #qrevo2pro #robothutbui #thanhhoa #roborockthanhhoa #viralvideotiktok #roborockvietnam #xuhuong #xuhuongtiktok #hutbui #hdpe #otechvietnam #haihuoc #congnghe #robot #trendinghai,0,0,0
2026-07-05,tm.anh.kitchen.qu,qrevo 2 pro,2026-07-04,https://www.tiktok.com/@tm.anh.kitchen.qu/video/7658649213441445128,Robot Roborock Qrevo 2 Pro mẫu mới nhất đã có sẵn hàng trưng bày tại Tâm Anh để khách Quảng Trị trải nghiệm trước rồi ạaa 🫶🏻 #Roborock #RoborockVietnam #qrevo2pro #robothutbui #bepquangtri ,130,4,0
2026-07-05,thurobot88,qrevo 2 pro,2026-07-04,https://www.tiktok.com/@thurobot88/video/7658647679970331925,#Qrevo2Pro #Roborock #robothutbui,111,3,0
2026-07-05,phanthulan715,qrevo 2 pro,2026-07-05,https://www.tiktok.com/@phanthulan715/video/7658883600783297812,Dẫn đầu tính năng chinh phục tầm giá nhanh tay rinh em nó về ạ #roborock #Qrevo2Pro #robothutbui #smarthomephutho #nhathongminh ,6,0,0
2026-07-05,phanthulan715,qrevo 2 pro,2026-07-04,https://www.tiktok.com/@phanthulan715/video/7658643446319615253,Done em Qrevo 2Pro cho khách yêu #qrevo2pro #roborock #robothutbui #smarthomephutho #nhathongminh ,91,7,0
2026-07-05,giangchismarthome,qrevo 2 pro,2026-07-05,https://www.tiktok.com/@giangchismarthome/video/7658857183358045460,Seri  #ROBOROCK P1: Vệ sinh màng lọc hepa #giangchirobot #roborock #qrevo2pro ,36,1,0
2026-07-05,thuyduonggiadung,qrevo 2 pro,2026-07-05,https://www.tiktok.com/@thuyduonggiadung/video/7658974968251682056,#GiaDungThuyDuong #Roborock #robothutbui #Qrevo2Pro #viralvideo ,5,0,0
2026-07-05,homecaredigital,qrevo 2 pro,2026-07-05,https://www.tiktok.com/@homecaredigital/video/7658888698414632210,"Thiết kế ấn tượng, chống rối tóc tốt nhất phân khúc Ghé ngay Homecare Digital trải nghiệm sản phẩm #Qrevo2Pro #roborock #robothutbui #homecaredigital",123,0,0
2026-07-05,homecaredigital,qrevo 2 pro,2026-07-05,https://www.tiktok.com/@homecaredigital/video/7658888346411863304,Đỉnh cao công nghệ trong phân khúc tầm trung - Qrevo 2 Pro #RobotHutBui #Qrevo2Pro #roborock #homecaredigital,112,1,0
2026-07-05,phanthulan715,qrevo 2 pro,2026-07-05,https://www.tiktok.com/@phanthulan715/video/7658925782911274260,Lái la! Lái la! Roborock qrevo 2pro lái la #roborock #Qrevo2Pro #robothutbui #smarthomephutho ,49,3,0
2026-07-05,phanthulan715,qrevo 2 pro,2026-07-05,https://www.tiktok.com/@phanthulan715/video/7658894927589281045,Rì view qrevo 2 pro xử lý hút bụt và các loại hạt #roborock #Qrevo2Pro #robothutbui #smarthomephutho #nhathongminh ,77,1,0
2026-07-05,momimart.vn,qrevo 2 pro,2026-07-05,https://www.tiktok.com/@momimart.vn/video/7658946352088468757,Hành trình 10 năm gắn bó với nghề kinh doanh Robot - hút bụi lau nhà.#roborock #robothutbui #roborockqrevo2pro #ReviewCongNghe #xuhuongtiktok ,44,1,0
2026-07-05,momimart.vn,qrevo 2 pro,2026-07-05,https://www.tiktok.com/@momimart.vn/video/7658941463937551637,"""Trùm cuối"" robot hút bụi 2026 gọi tên Roborock Qrevo 2 Pro! 😎 🔥 Lực hút ""quái vật"" 25.000Pa - Chấp mọi loại bụi mịn, thảm dày. ❌ Chống rối tóc 100% - Không lo kẹt chổi, giải phóng đôi tay! 💦 Giặt giẻ nước nóng, sấy khô khép kín, sạch bóng không mùi hôi. 👉 Đầu tư một lần, rảnh tay cả năm. Chốt ngay dưới giỏ hàng! 👇 #roborock #roborockqrevo2pro #robothutbui #ReviewCongNghe #xuhuongtiktok ",37,0,0
2026-07-05,momimart.vn,qrevo 2 pro,2026-07-04,https://www.tiktok.com/@momimart.vn/video/7658484781868469524,"Lực hút 25.000 Pa siêu mạnh, Roborock Qrevo 2 Pro chính thức ""vô địch"" phân khúc! 🤯 ❌ Chổi DuoDivide chia đôi: Hút tóc và lông thú tuồn tuột, KHÔNG lo quấn rối. can góc tường: Giẻ lau FlexiArm chủ động xòe sát mép 1.85mm. 🚿 Dock sạc tối tân: Tự đổ bụi, tự giặt giẻ nước nóng 100°C khử khuẩn đỉnh cao. Đầu tư một lần, rảnh tay cả năm ae ơi! 👇 #Roborock #Qrevo2Pro #robothutbui #giadungthongminh #smarthome",290,1,0
2026-07-05,momimart.vn,qrevo 2 pro,2026-07-04,https://www.tiktok.com/@momimart.vn/video/7658480835129101588,"Quên việc gỡ tóc trên robot hút bụi đi! 🤫 Roborock Qrevo 2 Pro chính thức ""out trình"" với: 🔥 Lực hút 25.000 Pa – Vô địch thiên hạ hiện tại! ❌ Chổi DuoDivide – Thách thức mọi loại lông tóc, cam kết KHÔNG RỐI. can góc tường – Giẻ lau xòe ra sát rạt 1.85mm. 🚿 Giặt giẻ nước nóng 100°C – Sạch khuẩn, không mùi ẩm mốc. Thân máy siêu mỏng chui gầm cực đỉnh. Gom lúa chốt đơn em này thôi ae ơi! 👇 #Roborock #Qrevo2Pro #RoborockQrevoCurv #robothutbui #giadungthongminh ",369,3,0
2026-07-05,momimart.vn,qrevo 2 pro,2026-07-03,https://www.tiktok.com/@momimart.vn/video/7658253200633515285,Qrevo 2 Pro#RoborockF25Ultra #qrevo2pro ,357,0,0
